AdminID,AccountNumber,AccountType,FirstName,MiddleName,LastName,Email,Password
100000000,ADM100000000,Admin,Betty,Veronica,Oneal,Betty.Oneal@adminmona.uwi.jm,8P9bGXMu!+
100000001,ADM100000001,Admin,Bailey,Rodney,Barry,Bailey.Barry@adminmona.uwi.jm,@K7K0S8wt#
100000002,ADM100000002,Admin,Tanya,Dale,Larson,Tanya.Larson@adminmona.uwi.jm,0LV*ZMzz$k
100000003,ADM100000003,Admin,Brittney,Connie,Reyes,Brittney.Reyes@adminmona.uwi.jm,i_nECR6W*0
100000004,ADM100000004,Admin,Juan,Randall,Wiggins,Juan.Wiggins@adminmona.uwi.jm,t9)wVkvu_f
100000005,ADM100000005,Admin,Gary,Lindsey,Cobb,Gary.Cobb@adminmona.uwi.jm,%h7bSioJ3#
100000006,ADM100000006,Admin,Victoria,Kathleen,Hendrix,Victoria.Hendrix@adminmona.uwi.jm,)p07QuMt_m
100000007,ADM100000007,Admin,Sean,Mason,Hammond,Sean.Hammond@adminmona.uwi.jm,53$Ns5Sz00
100000008,ADM100000008,Admin,Melinda,Michael,Mcconnell,Melinda.Mcconnell@adminmona.uwi.jm,3@C!xCDk^d
100000009,ADM100000009,Admin,Hannah,Robert,Mcclure,Hannah.Mcclure@adminmona.uwi.jm,W!Zr8W%rU^
100000010,ADM100000010,Admin,Cole,Joanna,Hanson,Cole.Hanson@adminmona.uwi.jm,zW1Y#Dzcd!
100000011,ADM100000011,Admin,Savannah,Victoria,Shaffer,Savannah.Shaffer@adminmona.uwi.jm,o_fh(Rob)5
100000012,ADM100000012,Admin,Johnny,Roger,Chase,Johnny.Chase@adminmona.uwi.jm,q^*2ZOj8ud
100000013,ADM100000013,Admin,Omar,Edward,Montgomery,Omar.Montgomery@adminmona.uwi.jm,*nuKJOvD33
100000014,ADM100000014,Admin,Madeline,Mary,Hahn,Madeline.Hahn@adminmona.uwi.jm,#27aP$Am5W
100000015,ADM100000015,Admin,Dakota,Marco,Moody,Dakota.Moody@adminmona.uwi.jm,%KIOQ4bt$4
100000016,ADM100000016,Admin,Fred,Michelle,Ruiz,Fred.Ruiz@adminmona.uwi.jm,^(^z1Za&Q7
100000017,ADM100000017,Admin,Steven,Jose,Mahoney,Steven.Mahoney@adminmona.uwi.jm,ZQ8kAs6Z^2
100000018,ADM100000018,Admin,Desiree,Justin,Soto,Desiree.Soto@adminmona.uwi.jm,)XyKLMMu4)
100000019,ADM100000019,Admin,Dean,Jennifer,Shah,Dean.Shah@adminmona.uwi.jm,_K0Y8E7nn@
100000020,ADM100000020,Admin,Craig,Jonathan,Phillips,Craig.Phillips@adminmona.uwi.jm,(f$AxMgo60
100000021,ADM100000021,Admin,Crystal,Alyssa,Acosta,Crystal.Acosta@adminmona.uwi.jm,v0DLwaj1+2
100000022,ADM100000022,Admin,Dominic,Jacob,Grant,Dominic.Grant@adminmona.uwi.jm,75*EgJko@0
100000023,ADM100000023,Admin,Mariah,Shawn,Benton,Mariah.Benton@adminmona.uwi.jm,H*9_NKhlC8
100000024,ADM100000024,Admin,Marc,Beth,Simon,Marc.Simon@adminmona.uwi.jm,#4*@U@#yOm
100000025,ADM100000025,Admin,Jeffery,Linda,Harmon,Jeffery.Harmon@adminmona.uwi.jm,2dErs!7w@_
100000026,ADM100000026,Admin,Evan,Hannah,Boyle,Evan.Boyle@adminmona.uwi.jm,QZn$yDQk^5
100000027,ADM100000027,Admin,Shane,Brittany,Gregory,Shane.Gregory@adminmona.uwi.jm,J4O6KNBs$F
100000028,ADM100000028,Admin,Alan,Ann,Mccarthy,Alan.Mccarthy@adminmona.uwi.jm,@&96GEho$h
100000029,ADM100000029,Admin,Beth,Rodney,Huffman,Beth.Huffman@adminmona.uwi.jm,M(0UiQ*h6F
100000030,ADM100000030,Admin,Laurie,John,Byrd,Laurie.Byrd@adminmona.uwi.jm,93HpArLk)l
100000031,ADM100000031,Admin,Bobby,Amanda,Weber,Bobby.Weber@adminmona.uwi.jm,_iqLJ8Rl$5
100000032,ADM100000032,Admin,Yvette,Jessica,Lin,Yvette.Lin@adminmona.uwi.jm,R53eQkgpx_
100000033,ADM100000033,Admin,Clinton,Shannon,Weiss,Clinton.Weiss@adminmona.uwi.jm,K@+4G(Au)B
100000034,ADM100000034,Admin,Eric,Daniel,Hull,Eric.Hull@adminmona.uwi.jm,QY7BFXYn(S
100000035,ADM100000035,Admin,Greg,Adrian,Yoder,Greg.Yoder@adminmona.uwi.jm,B5jV9HwI!j
100000036,ADM100000036,Admin,Miranda,Matthew,Shelton,Miranda.Shelton@adminmona.uwi.jm,%95Optjt^c
100000037,ADM100000037,Admin,Maurice,Kimberly,Olsen,Maurice.Olsen@adminmona.uwi.jm,6!^3At1r44
100000038,ADM100000038,Admin,Luis,Carlos,Parker,Luis.Parker@adminmona.uwi.jm,Pc(#1Ruz(0
100000039,ADM100000039,Admin,Rick,Ronald,Robbins,Rick.Robbins@adminmona.uwi.jm,5m*8pYAwH!
100000040,ADM100000040,Admin,Faith,Kaylee,Jefferson,Faith.Jefferson@adminmona.uwi.jm,dzuy@MZ0!1
100000041,ADM100000041,Admin,Krystal,Bruce,Boone,Krystal.Boone@adminmona.uwi.jm,mSnOjUPm)4
100000042,ADM100000042,Admin,Ricardo,Joseph,Rojas,Ricardo.Rojas@adminmona.uwi.jm,559!bGZf_J
100000043,ADM100000043,Admin,Felicia,Gabrielle,Cervantes,Felicia.Cervantes@adminmona.uwi.jm,$quQUaXeb3
100000044,ADM100000044,Admin,Francisco,Leslie,Goodman,Francisco.Goodman@adminmona.uwi.jm,O*0(ZxaghE
100000045,ADM100000045,Admin,Summer,Sheri,Huang,Summer.Huang@adminmona.uwi.jm,(ofSjHg066
100000046,ADM100000046,Admin,Jay,Thomas,Pham,Jay.Pham@adminmona.uwi.jm,l)Y1nYlXBs
100000047,ADM100000047,Admin,Judith,Nancy,Maxwell,Judith.Maxwell@adminmona.uwi.jm,n(QH9rMaQm
100000048,ADM100000048,Admin,Kathryn,Joseph,Stanton,Kathryn.Stanton@adminmona.uwi.jm,KmR*3hBg$!
100000049,ADM100000049,Admin,Victor,James,Long,Victor.Long@adminmona.uwi.jm,+dCDHMyr26
100000050,ADM100000050,Admin,Sylvia,Mark,Kline,Sylvia.Kline@adminmona.uwi.jm,_0FZi@NicM
100000051,ADM100000051,Admin,Caroline,Leslie,Snow,Caroline.Snow@adminmona.uwi.jm,46ONezeB!f
100000052,ADM100000052,Admin,Dawn,Tina,Conrad,Dawn.Conrad@adminmona.uwi.jm,b8WHqeCq$v
100000053,ADM100000053,Admin,Alison,Melissa,Moss,Alison.Moss@adminmona.uwi.jm,oK$I1*Kn*O
100000054,ADM100000054,Admin,Jody,Donna,Campos,Jody.Campos@adminmona.uwi.jm,+$Mun2Xaok
100000055,ADM100000055,Admin,Claudia,Sandra,Atkins,Claudia.Atkins@adminmona.uwi.jm,bt0MRQb*0+
100000056,ADM100000056,Admin,Gloria,Shawn,Solomon,Gloria.Solomon@adminmona.uwi.jm,r)dU1MDrzN
100000057,ADM100000057,Admin,Wesley,Anthony,Barr,Wesley.Barr@adminmona.uwi.jm,6Nv93Pep*R
100000058,ADM100000058,Admin,Janice,Teresa,Massey,Janice.Massey@adminmona.uwi.jm,k+H4EvYnre
100000059,ADM100000059,Admin,Julia,James,Avila,Julia.Avila@adminmona.uwi.jm,ny79f7KRZ^
100000060,ADM100000060,Admin,Jeff,Andrew,Raymond,Jeff.Raymond@adminmona.uwi.jm,OAYlBe$w*5
100000061,ADM100000061,Admin,Russell,Gabriel,Good,Russell.Good@adminmona.uwi.jm,pHtP3Zvd&$
100000062,ADM100000062,Admin,Cheryl,Cheryl,Cowan,Cheryl.Cowan@adminmona.uwi.jm,Jx6HCsSl^4
100000063,ADM100000063,Admin,Phyllis,Zachary,Gaines,Phyllis.Gaines@adminmona.uwi.jm,)KEzUKgH!0
100000064,ADM100000064,Admin,Theresa,Christopher,Hale,Theresa.Hale@adminmona.uwi.jm,#03Ku%pZmQ
100000065,ADM100000065,Admin,Roger,Jennifer,Tran,Roger.Tran@adminmona.uwi.jm,8&Med3jE^5
100000066,ADM100000066,Admin,Bonnie,Jacob,Vargas,Bonnie.Vargas@adminmona.uwi.jm,@2VlDjIz2+
100000067,ADM100000067,Admin,Cassidy,Bailey,Reynolds,Cassidy.Reynolds@adminmona.uwi.jm,9P6Z%Vu(I$
100000068,ADM100000068,Admin,Glenda,Benjamin,English,Glenda.English@adminmona.uwi.jm,0^Ft3AYpO7
100000069,ADM100000069,Admin,Martha,Stephen,Harrison,Martha.Harrison@adminmona.uwi.jm,r36Y^rur@+
100000070,ADM100000070,Admin,Heidi,Allison,Spears,Heidi.Spears@adminmona.uwi.jm,!3_06Zl1qJ
100000071,ADM100000071,Admin,Samuel,Tonya,Daniel,Samuel.Daniel@adminmona.uwi.jm,)JcLGpde72
100000072,ADM100000072,Admin,Bridget,Amber,Berry,Bridget.Berry@adminmona.uwi.jm,$9CM2IFlNl
100000073,ADM100000073,Admin,Frederick,Christopher,Cherry,Frederick.Cherry@adminmona.uwi.jm,#9uFtFaci0
100000074,ADM100000074,Admin,Alex,Deborah,Bass,Alex.Bass@adminmona.uwi.jm,d#a1&FCiDT
100000075,ADM100000075,Admin,Morgan,Catherine,Pearson,Morgan.Pearson@adminmona.uwi.jm,B!9qGZuZwY
100000076,ADM100000076,Admin,Kellie,William,Logan,Kellie.Logan@adminmona.uwi.jm,%51NkZhP(e
100000077,ADM100000077,Admin,Darren,Megan,Stout,Darren.Stout@adminmona.uwi.jm,%10(8SfP*o
100000078,ADM100000078,Admin,Madison,Michael,Hurley,Madison.Hurley@adminmona.uwi.jm,G96aEFfe^4
100000079,ADM100000079,Admin,Terri,Rebecca,Palmer,Terri.Palmer@adminmona.uwi.jm,0^2PhjEji_
100000080,ADM100000080,Admin,Molly,Holly,Krueger,Molly.Krueger@adminmona.uwi.jm,)8F$^tmo^8
100000081,ADM100000081,Admin,Gabriel,Robert,Leblanc,Gabriel.Leblanc@adminmona.uwi.jm,bG$p9XtOpE
100000082,ADM100000082,Admin,Rodney,Colleen,Tyler,Rodney.Tyler@adminmona.uwi.jm,I%16CtotZT
100000083,ADM100000083,Admin,Cathy,Joseph,Powers,Cathy.Powers@adminmona.uwi.jm,n3D+louv%k
100000084,ADM100000084,Admin,Lonnie,Melissa,Hood,Lonnie.Hood@adminmona.uwi.jm,$FYBEk@f0_
100000085,ADM100000085,Admin,Brett,Michael,Lucero,Brett.Lucero@adminmona.uwi.jm,Z&9uHArU!V
100000086,ADM100000086,Admin,Amber,Jennifer,Vazquez,Amber.Vazquez@adminmona.uwi.jm,j6$3VF8p*_
100000087,ADM100000087,Admin,Javier,Ryan,Brewer,Javier.Brewer@adminmona.uwi.jm,48AF$bTt)^
100000088,ADM100000088,Admin,Ivan,Katie,Knox,Ivan.Knox@adminmona.uwi.jm,#4qfHm58OX
100000089,ADM100000089,Admin,Regina,Amy,Blackwell,Regina.Blackwell@adminmona.uwi.jm,dj5*m2Pje+
100000090,ADM100000090,Admin,Dillon,Ashley,Arnold,Dillon.Arnold@adminmona.uwi.jm,*0i_VSRfD3
100000091,ADM100000091,Admin,Carmen,Amy,Barrera,Carmen.Barrera@adminmona.uwi.jm,N&UuA3a2$6
100000092,ADM100000092,Admin,Gabriella,Jacqueline,Duran,Gabriella.Duran@adminmona.uwi.jm,mYXtc4at_1
100000093,ADM100000093,Admin,Tommy,Ronald,Valenzuela,Tommy.Valenzuela@adminmona.uwi.jm,XJ)v6zylB_
100000094,ADM100000094,Admin,Jordan,Robert,Tate,Jordan.Tate@adminmona.uwi.jm,D6JHb_0e!5
100000095,ADM100000095,Admin,Aimee,Tony,Ali,Aimee.Ali@adminmona.uwi.jm,4DgK_Rrn(p
100000096,ADM100000096,Admin,Marcus,Michele,Le,Marcus.Le@adminmona.uwi.jm,_h1ieqxN6E
100000097,ADM100000097,Admin,Sandy,Kelly,Riley,Sandy.Riley@adminmona.uwi.jm,^1VN!E_l+1
100000098,ADM100000098,Admin,Randall,Jacob,Carney,Randall.Carney@adminmona.uwi.jm,+#14R0Lw_9
100000099,ADM100000099,Admin,Meredith,Kimberly,Potter,Meredith.Potter@adminmona.uwi.jm,5ybE!itP+(
